用户ID,服务ID,时间,行为,title
Peter Lawrey,Stack Overflow,2011-06-15 12:47:48Z,accepted,Does this method from the JDK make sense to anyone?
Peter Lawrey,Stack Overflow,2012-12-19 13:51:07Z,accepted,What is an &ldquo;internal address&rdquo; in Java?
Peter Lawrey,Stack Overflow,2011-08-10 11:10:48Z,accepted,Testing a Java library using 100 - 1000 GB of memory
Peter Lawrey,Stack Overflow,2011-04-15 07:32:40Z,accepted,Arrays as proper objects
Peter Lawrey,Stack Overflow,2012-07-19 08:56:52Z,accepted,Is there any reason EnumMap and EnumSet are not Navigable
Peter Lawrey,Stack Overflow,2011-06-17 13:11:59Z,accepted,Can anyone think of a practical use for XMLGregorianCalendar.getEon()?
Peter Lawrey,Stack Overflow,2016-03-30 08:25:20Z,accepted,What would be a good idiom in Asciidoc for multiple translations?
Peter Lawrey,Stack Overflow,2012-04-27 09:16:53Z,accepted,Support for Compressed Strings being Dropped in HotSpot JVM?
Peter Lawrey,Stack Overflow,2015-02-04 13:12:39Z,accepted,What is the Metadata GC Threshold and how do I tune it?
Peter Lawrey,Stack Overflow,2012-03-28 11:08:48Z,accepted,Why does Math.round(0.49999999999999994) return 1
Peter Lawrey,Stack Overflow,2015-02-04 13:12:09Z,accepted,How to handle upper or lower case in JSR 310?
Peter Lawrey,Stack Overflow,2011-12-07 11:48:50Z,accepted,Memory barriers and the TLB
Peter Lawrey,Stack Overflow,2014-07-07 09:24:46Z,accepted,Can you inspect the byte code of a Java 8 lambda at runtime?
Peter Lawrey,Stack Overflow,2011-11-19 17:06:12Z,accepted,How to reduce jitter for Java?
Peter Lawrey,Stack Overflow,2014-06-07 23:21:18Z,accepted,Is there a way to compare lambdas?
Peter Lawrey,Stack Overflow,2011-11-09 19:11:55Z,accepted,Ways to improve performance consistency
Peter Lawrey,Stack Overflow,2014-05-17 07:54:34Z,accepted,Why do -Xmx and Runtime.maxMemory not agree
Peter Lawrey,Stack Overflow,2011-10-26 10:31:25Z,accepted,Any idea why I need to cast an integer literal to (int) here?
Peter Lawrey,Stack Overflow,2013-01-07 20:30:35Z,accepted,Strange array return type
Peter Lawrey,Stack Overflow,2011-09-27 05:54:17Z,accepted,Why do some floating point numbers appear with a trailing 0
Peter Lawrey,Stack Overflow,2012-12-30 17:14:28Z,accepted,Incompatible type with Arrays.asList()
Peter Lawrey,Stack Overflow,2011-08-31 19:30:49Z,accepted,Will a long % int will always fit into an int
