用户ID,服务ID,时间,行为,内容
Peter Lawrey,Stack Overflow,2016-12-16 17:12:40Z,asked,Is there a way to speed up Javadoc (takes 7 minutes)
Peter Lawrey,Stack Overflow,2013-12-09 16:08:38Z,asked,Java doesn&#39;t allow arrays of inner classes for a generic class
Peter Lawrey,Stack Overflow,2011-11-15 17:20:52Z,asked,How to reduce jitter for Java?
Peter Lawrey,Stack Overflow,2016-11-23 15:39:57Z,asked,Is there a way to set the version of a BOM we are using across modules?
Peter Lawrey,Stack Overflow,2013-09-12 12:50:05Z,asked,How do I flush the buffered data in a DeflatorOutputStream
Peter Lawrey,Stack Overflow,2011-11-01 16:33:55Z,asked,Ways to improve performance consistency
Peter Lawrey,Stack Overflow,2016-05-01 10:02:15Z,asked,How to prevent maven releasing a SNAPSHOT bom file?
Peter Lawrey,Stack Overflow,2011-10-26 08:14:30Z,asked,Any idea why I need to cast an integer literal to (int) here?
Peter Lawrey,Stack Overflow,2013-01-21 09:19:51Z,asked,Is there a reason Object.hashCode() is 31-bit?
Peter Lawrey,Stack Overflow,2016-03-29 10:44:43Z,asked,What would be a good idiom in Asciidoc for multiple translations?
Peter Lawrey,Stack Overflow,2011-09-27 05:19:32Z,asked,Why do some floating point numbers appear with a trailing 0
Peter Lawrey,Stack Overflow,2013-01-07 20:11:56Z,asked,Strange array return type
Peter Lawrey,Stack Overflow,2016-02-09 19:14:40Z,asked,Cucumber JVM cannot find the steps defined
Peter Lawrey,Stack Overflow,2011-08-31 19:10:02Z,asked,Will a long % int will always fit into an int
Peter Lawrey,Stack Overflow,2012-12-30 15:03:46Z,asked,Incompatible type with Arrays.asList()
Peter Lawrey,Stack Overflow,2015-02-04 09:42:37Z,asked,How to handle upper or lower case in JSR 310?
Peter Lawrey,Stack Overflow,2011-08-09 17:40:57Z,asked,Testing a Java library using 100 - 1000 GB of memory
Peter Lawrey,Stack Overflow,2012-12-13 12:48:23Z,asked,What is an &ldquo;internal address&rdquo; in Java?
Peter Lawrey,Stack Overflow,2014-08-11 19:59:51Z,asked,What is the Metadata GC Threshold and how do I tune it?
Peter Lawrey,Stack Overflow,2011-06-17 12:20:45Z,asked,Can anyone think of a practical use for XMLGregorianCalendar.getEon()?
Peter Lawrey,Stack Overflow,2012-07-17 11:18:08Z,asked,Is there any reason EnumMap and EnumSet are not Navigable
Peter Lawrey,Stack Overflow,2011-06-15 11:21:22Z,asked,Does this method from the JDK make sense to anyone?
Peter Lawrey,Stack Overflow,2012-03-28 07:30:27Z,asked,Why does Math.round(0.49999999999999994) return 1
Peter Lawrey,Stack Overflow,2014-07-04 18:21:26Z,asked,Can you inspect the byte code of a Java 8 lambda at runtime?
Peter Lawrey,Stack Overflow,2009-02-17 21:38:32Z,asked,Arrays as proper objects
Peter Lawrey,Stack Overflow,2012-01-12 10:17:39Z,asked,Support for Compressed Strings being Dropped in HotSpot JVM?
Peter Lawrey,Stack Overflow,2014-06-07 09:40:17Z,asked,Is there a way to compare lambdas?
Peter Lawrey,Stack Overflow,2011-11-30 12:11:56Z,asked,Memory barriers and the TLB
Peter Lawrey,Stack Overflow,2014-05-16 17:25:42Z,asked,Why do -Xmx and Runtime.maxMemory not agree
