用户ID,服务ID,时间,行为,评论行为,内容,ask_time,view_times,active_time
Steven,Stack Overflow,2017-02-21 13:09:19Z,reviewed,Approve,Dependency Injection in Unit Tests,2017-02-21 12:58:38Z,54 times,2017-02-21 13:39:42Z
Steven,Stack Overflow,2016-07-07 10:51:58Z,reviewed,Approve,Castle Windsor - registration by convention,2016-07-07 10:18:22Z,62 times,2016-07-07 10:56:25Z
Steven,Stack Overflow,2015-06-03 07:55:16Z,reviewed,Approve,Does Unity5 features valid on android low versions such as android 2.3?,2015-06-03 05:53:29Z,44 times,2015-06-05 15:50:33Z
Steven,Stack Overflow,2015-05-08 07:56:12Z,reviewed,Approve,One PHP script should have one mysql_query?,2015-05-08 07:28:27Z,75 times,2015-05-09 23:30:55Z
Steven,Stack Overflow,2015-01-29 22:41:06Z,reviewed,Edit,"Tile based game (Unity), inaccurate readings of mouse position",2015-01-29 19:40:03Z,264 times,2015-01-30 12:19:30Z
Steven,Stack Overflow,2017-02-21 08:23:12Z,reviewed,Close,how to check if the value exists in the database from visual studio?,2017-02-21 07:07:58Z,41 times,2017-02-21 08:38:56Z
Steven,Stack Overflow,2015-10-16 13:33:20Z,reviewed,Approve,Resolution of type failed in child container but succeeded in parent container,2015-10-16 13:15:33Z,93 times,2015-10-19 13:46:10Z
Steven,Stack Overflow,2015-06-03 07:54:56Z,reviewed,Approve,Android build fails with unknown reason after upgrading android-sdk,2015-06-03 00:31:35Z,149 times,2015-06-04 15:11:49Z
Steven,Stack Overflow,2015-04-27 09:33:37Z,reviewed,Edit,Unity3D Touch Rotate Object,2015-04-27 08:57:30Z,2106 times,
Steven,Stack Overflow,2015-01-28 20:15:15Z,reviewed,Edit,Difficulty in using smooth blurred textures in Unity,2015-01-28 18:46:46Z,204 times,2015-01-28 21:51:31Z
Steven,Stack Overflow,2017-02-21 08:22:39Z,reviewed,Close,FMRadio Class .NET in UWP,2017-02-11 18:10:44Z,52 times,2017-02-21 07:32:52Z
Steven,Stack Overflow,2015-09-24 16:06:44Z,reviewed,Approve,Simple Injector - Register Compared to Bind in Ninject,2015-09-24 15:35:27Z,136 times,2015-09-24 16:14:10Z
Steven,Stack Overflow,2015-05-27 12:27:56Z,reviewed,Approve,Import Unity Ads SDK in Android Studio,2015-05-27 10:42:13Z,1912 times,2015-11-06 13:29:56Z
Steven,Stack Overflow,2015-04-24 21:06:15Z,reviewed,Edit,Unity is having trouble compiling a valid C# class,2015-04-24 20:04:09Z,48 times,2015-04-24 21:06:14Z
Steven,Stack Overflow,2015-01-27 21:41:24Z,reviewed,Edit,Unity 2D - Awry &ldquo;jumping&rdquo;,2015-01-27 15:41:01Z,80 times,2016-07-12 20:15:47Z
Steven,Stack Overflow,2017-02-07 21:44:23Z,reviewed,Edit,Would garbage collector collect singleton instance which is injected through a constructor,2017-02-07 21:17:15Z,71 times,2017-02-07 21:54:18Z
Steven,Stack Overflow,2015-07-22 00:25:43Z,reviewed,Approve,How to register generic with two types in Simple Injector?,2015-03-19 22:28:53Z,1550 times,2015-08-17 14:30:50Z
Steven,Stack Overflow,2015-05-27 12:27:27Z,reviewed,Approve,"Half scenes with static elements, other with spawn",2015-05-27 10:52:05Z,67 times,2015-07-05 18:19:28Z
Steven,Stack Overflow,2015-03-26 15:22:12Z,reviewed,Approve,Partitioned IOC Containers,2015-03-26 14:41:21Z,70 times,2015-03-26 18:19:33Z
Steven,Stack Overflow,2015-01-19 21:26:47Z,reviewed,Approve,Unity - Reading text files (Android &amp; Web Player),2015-01-19 18:17:45Z,3746 times,2015-01-20 02:59:41Z
Steven,Stack Overflow,2017-01-13 09:36:18Z,reviewed,Approve,DI in custom AuthorizationFilterAttribute with Ninject,2017-01-13 07:56:25Z,36 times,2017-01-19 18:39:25Z
Steven,Stack Overflow,2015-06-11 20:37:39Z,reviewed,Edit,audio.Play() and Destroy (gameObject) timing issue in Unity,2015-06-11 20:21:58Z,2115 times,2015-06-12 14:26:27Z
Steven,Stack Overflow,2015-05-27 09:39:20Z,reviewed,Approve,Make AI Bot that can test level - Unity3D,2015-05-25 06:12:17Z,312 times,
Steven,Stack Overflow,2015-03-26 14:45:39Z,reviewed,Approve,View will not pass back data to Controller in MVC4,2015-03-26 14:10:58Z,85 times,2015-03-26 14:59:22Z
Steven,Stack Overflow,2015-01-14 10:51:58Z,reviewed,Edit,Android to Unity cross platform conversion,2015-01-14 10:20:46Z,106 times,2015-01-19 08:39:31Z
Steven,Stack Overflow,2016-12-14 09:48:03Z,reviewed,Approve,Simple Injector / IoC - Windows Service and Request Cycles of a Queue Processor,2015-01-14 16:58:50Z,1249 times,2016-12-14 09:48:03Z
Steven,Stack Overflow,2015-06-10 11:50:05Z,reviewed,Edit,Object doesn&#39;t moving well in rotation,2015-06-10 11:40:51Z,127 times,2015-08-05 04:09:32Z
Steven,Stack Overflow,2015-05-21 13:01:52Z,reviewed,Approve,Android - Tamagotchi game background service,2015-05-21 12:10:09Z,264 times,2015-05-21 13:26:34Z
Steven,Stack Overflow,2015-03-26 14:45:36Z,reviewed,Approve,Winforms TableLayoutPanel adding rows programmatically,2009-07-17 12:07:03Z,125649 times,2017-03-17 16:53:16Z
Steven,Stack Overflow,2014-12-24 20:01:55Z,reviewed,Close,how to make round image border to imageview programatically android,2014-12-24 12:19:08Z,769 times,2014-12-24 13:55:08Z
Steven,Stack Overflow,2016-12-02 10:23:06Z,reviewed,Approve,Multiple log with different settings with log4net and autofac,2016-12-02 09:34:50Z,28 times,
Steven,Stack Overflow,2015-06-10 09:35:50Z,reviewed,Edit,Error While Building Unity 5 Google Play Games for IOS,2015-06-10 09:15:14Z,456 times,2015-06-11 14:54:12Z
Steven,Stack Overflow,2015-05-21 13:01:40Z,reviewed,Edit,Export ADF to Tango sdcard with Nash/Unity - ADF write permission denied,2015-05-21 12:26:48Z,381 times,2015-09-28 15:16:29Z
Steven,Stack Overflow,2015-03-26 14:45:32Z,reviewed,Approve,c# Unit Testing for Generic method,2015-03-26 14:25:37Z,266 times,2015-03-26 15:42:20Z
Steven,Stack Overflow,2014-12-24 20:00:43Z,reviewed,Close,Include bootstrap javascript in a jsp file,2014-12-24 15:02:55Z,6441 times,2016-03-20 19:40:46Z
Steven,Stack Overflow,2016-09-20 08:48:59Z,reviewed,Approve,Need help to write unit test case in MVVMLight with Messaging,2013-06-27 11:05:33Z,965 times,2017-01-21 00:15:27Z
Steven,Stack Overflow,2015-06-09 14:10:48Z,reviewed,Approve,Admob slows down my game - LIBGDX,2015-06-09 13:40:20Z,139 times,2015-06-09 14:45:39Z
Steven,Stack Overflow,2015-05-19 10:20:53Z,reviewed,Edit,Registering ObservableCollection as self and as IEnumerable&lt;&gt; in Autofac causes circular dependency exception,2015-05-19 09:52:27Z,134 times,2015-05-19 10:45:39Z
Steven,Stack Overflow,2015-03-26 14:45:22Z,reviewed,Approve,MSTest TestMethod Dependency Injection,2010-11-24 16:34:49Z,1694 times,2015-03-26 14:45:22Z
Steven,Stack Overflow,2014-12-24 19:58:35Z,reviewed,Close,Connect Raspberry Pi GPIO to 5V with only 1 resistor,2014-02-28 14:25:30Z,4662 times,2014-06-11 11:10:51Z
Steven,Stack Overflow,2016-09-20 08:48:33Z,reviewed,Approve,How can I emulate Modules / Installers / Registries with Simple Injector,2012-01-24 08:28:08Z,2483 times,2017-01-24 22:08:13Z
Steven,Stack Overflow,2015-06-06 09:55:00Z,reviewed,Approve,A pause menu using a button and click,2015-06-06 04:05:53Z,256 times,2015-06-06 17:20:51Z
Steven,Stack Overflow,2015-05-11 14:15:52Z,reviewed,Edit,NGUI invisible after tracking with Vuforia,2015-05-11 14:01:00Z,491 times,2015-05-21 21:39:42Z
Steven,Stack Overflow,2015-02-04 07:39:23Z,reviewed,Edit,How to read word by word in text field?,2015-02-04 06:16:08Z,200 times,2015-02-04 08:49:52Z
Steven,Stack Overflow,2014-12-24 19:49:32Z,reviewed,Leave Closed,Issue with subquery in Oracle corrected the query?,2014-12-24 17:11:47Z,52 times,2014-12-24 19:18:17Z
Steven,Stack Overflow,2016-08-28 19:32:21Z,reviewed,Approve,Add dependency to an ASP.NET Core application,2016-08-28 19:07:03Z,526 times,2016-08-29 07:50:57Z
Steven,Stack Overflow,2015-06-04 09:00:29Z,reviewed,Approve,Blender could not convert the .blend file to FBX file,2015-06-04 08:37:23Z,494 times,2015-06-04 09:00:29Z
Steven,Stack Overflow,2015-05-08 12:39:45Z,reviewed,Edit,C# how do i access a variable in another class?,2015-05-08 11:01:59Z,596 times,2015-05-08 12:39:44Z
Steven,Stack Overflow,2015-01-29 22:41:53Z,reviewed,Edit,Unity - Infinite sprite spawner stops spawning at a high speed,2015-01-29 18:21:15Z,296 times,2015-02-05 00:25:20Z
Steven,Stack Overflow,2014-12-10 08:24:06Z,reviewed,Approve,Unity not Changing Bool Value,2014-12-10 05:00:00Z,439 times,2014-12-11 08:56:53Z
Steven,Stack Overflow,2014-11-30 20:33:23Z,reviewed,Approve,Unity: Make camera only follow the player in x-direction,2014-11-30 16:53:25Z,398 times,2014-11-30 21:15:42Z
Steven,Stack Overflow,2014-09-21 12:07:03Z,reviewed,Approve,Why is my integer property not being serialized by BinaryFormatter?,2014-09-19 18:14:02Z,264 times,2014-11-08 09:44:36Z
Steven,Stack Overflow,2013-08-14 12:24:42Z,reviewed,Approve,how to set values to an array list of class variable,2013-08-14 12:19:47Z,1488 times,2013-08-15 09:37:21Z
Steven,Stack Overflow,2013-07-10 20:42:52Z,reviewed,Approve,r2winbugs tag wiki,,,
Steven,Stack Overflow,2013-07-10 20:41:39Z,reviewed,Approve,Can I use GET and POST with the same asp mvc .net Controller?,2013-07-10 20:20:26Z,1021 times,2013-07-10 20:43:17Z
Steven,Stack Overflow,2014-11-25 07:26:06Z,reviewed,Approve,Unity: fbx character not responding to animator controller,2014-11-24 20:43:37Z,561 times,2014-11-25 07:26:06Z
Steven,Stack Overflow,2014-09-21 12:06:44Z,reviewed,Approve,Unity C# Make two Sprites move to each other,2014-09-20 06:34:32Z,821 times,2014-09-21 12:06:44Z
Steven,Stack Overflow,2013-08-14 12:24:36Z,reviewed,Approve,Android Problem: Eclipse cannot find ADB.exe,2011-06-15 16:53:48Z,30643 times,2016-03-29 05:36:43Z
Steven,Stack Overflow,2013-07-10 20:42:46Z,reviewed,Approve,DART Web UI: How to reference index in iterate loop,2013-01-19 13:35:42Z,695 times,2013-07-10 20:42:46Z
Steven,Stack Overflow,2013-07-10 07:11:57Z,reviewed,Approve,Sealing abstract class or interface in .NET class,2013-07-10 07:03:57Z,429 times,2013-07-10 07:11:57Z
Steven,Stack Overflow,2014-11-25 07:25:51Z,reviewed,Approve,Chain actions and animations in a sequence,2014-11-25 04:16:43Z,1030 times,2014-11-25 09:21:09Z
Steven,Stack Overflow,2014-08-31 09:42:21Z,reviewed,Approve,Unity Crashing - Couldn&#39;t extract exception string from exception,2014-08-30 17:39:41Z,140 times,
Steven,Stack Overflow,2013-08-14 12:24:31Z,reviewed,Approve,How to save state of Fragment having listview,2013-07-23 12:53:56Z,8705 times,2015-12-31 15:36:29Z
Steven,Stack Overflow,2013-07-10 20:42:39Z,reviewed,Approve,Concat inside a WHERE clause in postgres,2013-07-10 20:26:47Z,2887 times,2015-11-04 14:29:11Z
Steven,Stack Overflow,2013-06-25 19:25:08Z,reviewed,Approve,Dependency injection with interfaces or classes,2012-04-25 07:54:53Z,9695 times,2016-08-17 18:25:54Z
Steven,Stack Overflow,2014-11-20 21:11:09Z,reviewed,Approve,Unity: Game Over screen - show stats w/ restart and leaderboards,2014-11-20 21:03:15Z,1116 times,2014-11-20 23:36:32Z
Steven,Stack Overflow,2014-08-30 10:04:32Z,reviewed,Approve,if admob ads dont show game freezes in unity android app,2014-08-30 09:53:20Z,695 times,2014-10-07 12:43:01Z
Steven,Stack Overflow,2013-08-14 12:23:53Z,reviewed,Approve,Another Cocoa: Crash in _NSDisplayOperationStack; Need Guidance too,2013-01-23 09:04:31Z,248 times,2013-08-14 12:26:08Z
Steven,Stack Overflow,2013-07-10 20:42:34Z,reviewed,Approve,DART Web UI: How to reference index in iterate loop,2013-01-19 13:35:42Z,695 times,2013-07-10 20:42:46Z
Steven,Stack Overflow,2013-01-31 22:27:56Z,reviewed,Approve,Node UIView OnSelect function,2012-02-03 22:33:45Z,66 times,2013-01-31 22:28:17Z
Steven,Stack Overflow,2014-11-13 21:27:39Z,reviewed,Approve,How can I turn the camera to left and right with mouse in unity for a sphere?,2014-11-13 19:59:15Z,232 times,2015-03-07 19:45:10Z
Steven,Stack Overflow,2014-08-17 13:08:00Z,reviewed,Approve,"Game shows iAd on iPad successfully, but not in final build submitted for review. Why?",2014-08-17 12:54:13Z,283 times,
Steven,Stack Overflow,2013-08-14 12:21:51Z,reviewed,Approve,How to expand first level children only of Treeview,2011-12-27 19:58:13Z,20933 times,2017-01-24 11:01:24Z
Steven,Stack Overflow,2013-07-10 20:42:26Z,reviewed,Approve,r2jags tag wiki excerpt,,,
Steven,Stack Overflow,2013-01-31 22:27:52Z,reviewed,Approve,Organize/sort workbook sheets according to data in a range,2013-01-31 22:24:21Z,2066 times,2014-02-07 17:17:21Z
Steven,Stack Overflow,2014-11-12 18:58:57Z,reviewed,Approve,Accessing a c# variable from another script. Unity,2014-11-12 18:28:17Z,159 times,2014-11-12 20:42:21Z
Steven,Stack Overflow,2014-03-20 11:13:56Z,reviewed,Approve,Android ViewPager Exception after pressing back button,2012-11-23 19:26:09Z,2349 times,2014-03-20 11:14:15Z
Steven,Stack Overflow,2013-08-14 12:21:33Z,reviewed,Approve,Unrecognized attribute &#39;targetFramework&#39;. Note that attribute names are case-sensitive,2011-09-23 14:38:10Z,307695 times,2017-03-17 18:42:48Z
Steven,Stack Overflow,2013-07-10 20:42:22Z,reviewed,Approve,r2winbugs tag wiki excerpt,,,
Steven,Stack Overflow,2013-01-31 22:27:43Z,reviewed,Approve,Too many FFMPEG process,2013-01-31 22:21:26Z,542 times,2014-04-21 07:57:24Z
Steven,Stack Overflow,2014-11-12 07:20:11Z,reviewed,Approve,MoPub ads in unity3d,2014-11-12 05:36:01Z,911 times,2014-11-12 15:15:18Z
Steven,Stack Overflow,2014-03-20 11:13:10Z,reviewed,Approve,How to remove query string or how to maintain constant URL using URL rewrite,2014-03-20 11:08:04Z,246 times,2016-02-08 13:03:27Z
Steven,Stack Overflow,2013-07-25 15:22:53Z,reviewed,Edit,property injection using autofac 3.1.1,2013-07-25 15:13:53Z,2395 times,2013-08-01 16:19:14Z
Steven,Stack Overflow,2013-07-10 20:42:19Z,reviewed,Approve,"The calling thread must be STA, because many UI components require this",2010-02-24 22:06:34Z,118924 times,2016-03-29 00:55:09Z
Steven,Stack Overflow,2013-01-31 22:27:31Z,reviewed,Approve,DART drawing on list of canvases in an iterated template,2013-01-08 19:19:44Z,206 times,2013-02-19 03:37:03Z
Steven,Stack Overflow,2014-11-02 20:11:35Z,reviewed,Approve,Unity 4.x: How to Access AnimationState in Mecanim,2014-11-02 19:26:50Z,2491 times,2015-11-18 07:12:48Z
Steven,Stack Overflow,2013-11-10 16:32:28Z,reviewed,Approve,Run time control,2013-11-10 16:29:24Z,58 times,2013-11-10 16:44:23Z
Steven,Stack Overflow,2013-07-10 20:44:40Z,reviewed,Approve,Android Listview item selection,2012-06-23 10:04:10Z,12254 times,2014-10-21 09:21:32Z
Steven,Stack Overflow,2013-07-10 20:42:10Z,reviewed,Approve,"FB Realtime API not/inconsistently notifying for certain connections (music, movies, books, tv)",2011-09-07 00:11:09Z,1167 times,2013-07-10 20:43:33Z
Steven,Stack Overflow,2013-01-31 22:26:58Z,reviewed,Approve,XMLHttpRequest Cross origin requests In Dart with IntelliJ,2013-01-05 19:38:05Z,1167 times,2014-09-01 20:17:08Z
Steven,Stack Overflow,2014-10-09 10:31:23Z,reviewed,Approve,C# Increase Heap Size - Is It Possible,2010-02-24 10:55:06Z,11710 times,2014-10-09 10:31:23Z
Steven,Stack Overflow,2013-08-14 12:25:40Z,reviewed,Approve,How to save user-entered line breaks from a TextArea to a database?,2009-01-31 07:49:00Z,31335 times,2015-11-23 14:36:32Z
Steven,Stack Overflow,2013-07-10 20:43:04Z,reviewed,Approve,Stack level too deep or unknown attribute: password_confirmation,2013-07-10 18:08:42Z,227 times,
Steven,Stack Overflow,2013-07-10 20:42:04Z,reviewed,Approve,svn-propset tag wiki excerpt,,,
Steven,Stack Overflow,2013-01-31 22:26:47Z,reviewed,Approve,Correct HTML mark-up syntax? (to remove whitespace between inline-block elements),2013-01-31 16:07:49Z,1595 times,2014-01-14 08:58:59Z
Steven,Stack Overflow,2014-09-23 19:29:16Z,reviewed,Approve,Unable to register Api Controller using Simple Injector?,2014-09-23 19:09:33Z,867 times,
Steven,Stack Overflow,2013-08-14 12:25:35Z,reviewed,Edit,Case insensitive Python regular expression without re.compile,2009-02-01 13:56:14Z,113144 times,2017-02-23 03:43:41Z
Steven,Stack Overflow,2013-07-10 20:42:54Z,reviewed,Approve,r2jags tag wiki,,,
Steven,Stack Overflow,2013-07-10 20:41:56Z,reviewed,Approve,Can I &ldquo;add friend&rdquo; with Facebook&#39;s API?,2010-03-10 22:39:06Z,29243 times,2013-07-10 20:43:59Z
Steven,Stack Overflow,2013-01-31 22:26:38Z,reviewed,Approve,Reflect into a different AppDomain,2013-01-31 22:20:28Z,78 times,2013-02-01 05:39:57Z
Steven,Stack Overflow,2013-01-29 20:21:01Z,reviewed,Approve,Android Custom View code stopped working correctly in Jelly Bean 4.2,2013-01-18 18:19:07Z,1519 times,2013-02-12 04:25:55Z
Steven,Stack Overflow,2012-02-18 14:59:49Z,reviewed,Approve,codesniffer tag wiki,,,
Steven,Stack Overflow,2012-02-14 22:19:49Z,reviewed,Approve,iphone server communication,2011-05-24 14:52:15Z,345 times,2012-02-14 23:01:37Z
Steven,Stack Overflow,2012-01-27 16:39:14Z,reviewed,Approve,Using Java&#39;s JComponent repaint(),2010-01-06 20:00:38Z,5919 times,2012-10-09 22:23:42Z
Steven,Stack Overflow,2012-01-27 16:37:46Z,reviewed,Approve,Co-variant array conversion from x to y may cause run-time exception,2012-01-02 19:00:18Z,20611 times,2015-02-08 23:55:50Z
Steven,Stack Overflow,2013-01-29 20:20:50Z,reviewed,Approve,Base URL in Internet Explorer and JSP,2012-12-27 22:36:52Z,3523 times,2014-01-11 07:28:54Z
Steven,Stack Overflow,2012-02-18 14:59:22Z,reviewed,Approve,How to make posts date synchronize,2012-02-18 13:20:26Z,100 times,2012-02-18 14:59:29Z
Steven,Stack Overflow,2012-02-14 22:19:45Z,reviewed,Approve,How to use Chamfer Matching algorithm for finding &#39;Similar Images&#39;,2010-08-09 06:10:08Z,8610 times,2013-09-30 23:41:32Z
Steven,Stack Overflow,2012-01-27 16:39:09Z,reviewed,Approve,DynamicJasper addColumn to fastreportbuilder with non-supported data type,2011-11-06 20:42:41Z,3051 times,2012-02-04 22:06:19Z
Steven,Stack Overflow,2012-01-27 16:37:41Z,reviewed,Approve,Function parameters max number,2012-01-27 14:30:15Z,8047 times,2012-01-27 16:52:55Z
Steven,Stack Overflow,2012-08-15 08:51:47Z,reviewed,Approve,Linq outer join syntax,2012-08-15 08:25:33Z,665 times,2012-08-15 09:20:18Z
Steven,Stack Overflow,2012-02-18 14:58:51Z,reviewed,Approve,How to automate clicking a link inside a WebView,2012-02-18 13:48:14Z,2694 times,2012-02-18 17:20:12Z
Steven,Stack Overflow,2012-02-14 22:19:37Z,reviewed,Approve,XQuery - Optimize a query for a BIG database,2012-02-13 14:24:53Z,1123 times,2012-02-14 22:53:26Z
Steven,Stack Overflow,2012-01-27 16:39:05Z,reviewed,Approve,how does the following code work,2010-02-10 13:08:13Z,239 times,2012-01-27 16:41:15Z
Steven,Stack Overflow,2012-01-27 16:37:38Z,reviewed,Approve,What&#39;s the right way to modify the params passed to controller in rails 3.1.0?,2012-01-26 16:16:42Z,109 times,2012-01-27 17:23:40Z
Steven,Stack Overflow,2012-08-03 13:23:06Z,reviewed,Approve,Rendering of @Ajax.ActionLink is messed up by adding a new route,2012-08-03 13:06:56Z,222 times,
Steven,Stack Overflow,2012-02-18 14:58:33Z,reviewed,Approve,Should I use a main() method in a simple Python script?,2011-04-04 21:48:55Z,20735 times,2012-02-18 15:47:28Z
Steven,Stack Overflow,2012-02-14 22:19:26Z,reviewed,Approve,Optimizing Java Socket Sending Android to PC,2011-05-28 12:42:04Z,2045 times,2012-02-14 22:51:23Z
Steven,Stack Overflow,2012-01-27 16:38:56Z,reviewed,Approve,sqlperformance tag wiki,,,
Steven,Stack Overflow,2012-01-27 16:37:27Z,reviewed,Approve,Load remote swf files in flex,2010-05-05 12:22:09Z,1676 times,2012-01-27 17:04:33Z
Steven,Stack Overflow,2012-08-03 13:22:38Z,reviewed,Approve,Is it possible to specify proxy credentials in your web.config?,2008-10-09 11:19:18Z,66435 times,2015-06-26 21:28:11Z
Steven,Stack Overflow,2012-02-14 22:20:25Z,reviewed,Approve,CSS object1:hover object2 { change property },2011-07-20 07:36:38Z,78 times,2012-02-14 23:13:17Z
Steven,Stack Overflow,2012-02-14 22:19:04Z,reviewed,Reject,How do I make a self-installing executable using WinRAR?,2012-02-13 18:11:52Z,38923 times,2014-06-12 13:05:15Z
Steven,Stack Overflow,2012-01-27 16:38:53Z,reviewed,Approve,sqlperformance tag wiki excerpt,,,
Steven,Stack Overflow,2012-01-27 16:37:23Z,reviewed,Approve,Multiplayer JavaScript game built with Node.JS - Separating players,2012-01-27 12:19:46Z,11292 times,2014-08-03 21:11:23Z
Steven,Stack Overflow,2012-06-01 17:03:25Z,reviewed,Approve,Unity DI for static member (for example in static class program) / when do members get populated,2012-06-01 09:29:28Z,2589 times,2016-03-04 07:04:06Z
Steven,Stack Overflow,2012-02-14 22:20:21Z,reviewed,Approve,Version number comparison,2009-11-11 09:21:59Z,25373 times,2016-09-20 13:30:51Z
Steven,Stack Overflow,2012-02-14 22:18:24Z,reviewed,Approve,iphone development memory leak,2011-04-06 21:52:45Z,75 times,2013-01-28 10:04:44Z
Steven,Stack Overflow,2012-01-27 16:38:42Z,reviewed,Approve,progressdialog tag wiki excerpt,,,
Steven,Stack Overflow,2012-01-27 16:37:09Z,reviewed,Reject,textFieldShouldReturn: called for some text fields within a table cell but not for others,2012-01-26 21:27:49Z,426 times,2012-01-26 21:41:08Z
Steven,Stack Overflow,2012-05-08 11:08:24Z,reviewed,Approve,First item in dictionary,2012-05-08 11:05:27Z,1383 times,2012-05-08 13:52:32Z
Steven,Stack Overflow,2012-02-14 22:20:14Z,reviewed,Approve,Dynamic Binding to Custom Business Object at Runtime,2012-02-14 22:06:29Z,845 times,2015-04-15 22:24:52Z
Steven,Stack Overflow,2012-02-14 22:18:18Z,reviewed,Approve,Cannot launch activity which extends MapActivity,2012-02-14 18:02:17Z,1693 times,2012-02-14 22:50:49Z
Steven,Stack Overflow,2012-01-27 16:38:38Z,reviewed,Approve,directoryentry tag wiki excerpt,,,
Steven,Stack Overflow,2012-01-27 13:45:54Z,reviewed,Approve,Global Button&#39;s Dynamic Style with different image for each button,2012-01-24 12:47:28Z,545 times,2012-10-09 16:22:56Z
Steven,Stack Overflow,2012-04-04 14:53:50Z,reviewed,Approve,How to instruct Ninject hide a Type from its implicit binding list,2012-04-04 14:30:54Z,705 times,2012-10-20 22:19:28Z
Steven,Stack Overflow,2012-02-14 22:20:11Z,reviewed,Approve,Parser Error Message: Unrecognized configuration section httpCookies,2012-02-14 22:02:59Z,2114 times,2012-02-14 23:01:30Z
Steven,Stack Overflow,2012-02-14 22:18:08Z,reviewed,Approve,Preprocessor in Xcode,2011-04-25 07:18:22Z,361 times,2016-07-13 18:10:44Z
Steven,Stack Overflow,2012-01-27 16:38:28Z,reviewed,"Approve</a>                    <b></b>            </td></tr><tr class="""" data-postid=""6238363"">    <td>        <div class=""date"">            <div class=""date_brick"" title=""2012-01-27 16:38:14Z"">Jan<br/>27            </div>        </div></td>    <td>reviewed</td>    <td class="""" id="""">                        <a href=""/review/suggested-edits/417937"" class=""reviewed-action"">Approve",Trouble using index in ArabicAnalyzer using lucene,2011-06-04 17:39:09Z,205 times,
Steven,Stack Overflow,2012-01-27 13:45:28Z,reviewed,Approve,Expression to set cell spacing with SQL Report Builder 3.0,2012-01-21 08:24:22Z,1172 times,2012-01-27 14:07:03Z
Steven,Stack Overflow,2012-03-13 09:18:14Z,reviewed,Approve,what is the difference between AppDomain.CreateInstance and Activator.CreateInstance?,2012-03-13 09:02:01Z,3066 times,2014-08-08 13:31:04Z
Steven,Stack Overflow,2012-02-14 22:20:03Z,reviewed,Approve,loading multy-line text from database into javascript variable error,2011-06-06 17:50:32Z,191 times,2012-02-14 23:19:49Z
Steven,Stack Overflow,2012-02-03 23:52:57Z,reviewed,Reject,Configure Dictionary with Unity,2012-02-03 22:51:55Z,375 times,2012-02-04 15:09:57Z
Steven,Stack Overflow,2012-01-27 16:38:07Z,reviewed,Approve,How do I convert strings to title case in OpenEdge ABL / Progress 4GL?,2011-04-21 21:50:48Z,7683 times,2012-02-07 13:25:22Z
Steven,Stack Overflow,2012-01-27 13:45:07Z,reviewed,Approve,Is there some performance difference with these types of variable initialization?,2012-01-27 11:20:41Z,124 times,2012-01-30 07:36:57Z
Steven,Stack Overflow,2012-02-14 22:19:56Z,reviewed,Approve,In App purchase Related things,2011-10-13 12:00:28Z,145 times,2012-05-10 12:36:09Z
Steven,Stack Overflow,2012-02-18 14:59:55Z,reviewed,Approve,codesniffer tag wiki excerpt,,,
Steven,Stack Overflow,2012-01-27 16:37:50Z,reviewed,Approve,How do I send csv/text file from an Android phone to a wifi printer?,2011-05-31 07:15:25Z,1625 times,2014-12-22 11:18:53Z
Steven,Stack Overflow,2012-01-27 13:45:00Z,reviewed,Approve,How do I implement customer personalization using Facebook OpenGraph?,2012-01-27 10:21:54Z,325 times,2014-01-03 02:08:09Z
Steven,Stack Overflow,2012-02-01 20:47:40Z,reviewed,Reject,Is it OK to inject the container into a factory?,2012-02-01 18:18:54Z,159 times,2012-02-01 23:45:04Z
Steven,Stack Overflow,2012-01-27 13:44:49Z,reviewed,Approve,Android keeping connection alive to receive constant data update from server,2012-01-27 12:25:49Z,913 times,2012-01-27 13:04:28Z
Steven,Stack Overflow,2011-12-29 21:23:20Z,reviewed,Approve,Having problems closing dialog box,2011-12-29 16:19:16Z,494 times,2014-03-24 10:20:23Z
Steven,Stack Overflow,2011-09-02 12:25:01Z,reviewed,Approve,how to get selected items id in jquery selectables?,2011-09-02 10:49:13Z,831 times,2011-09-02 12:25:01Z
Steven,Stack Overflow,2011-08-28 03:27:31Z,reviewed,Approve,JavaScript toggle,2011-08-03 10:17:43Z,199 times,2011-08-28 03:35:38Z
Steven,Stack Overflow,2011-08-11 17:49:35Z,reviewed,Approve,WPF SplitButton?,2009-09-11 22:17:55Z,18216 times,2015-08-28 14:19:10Z
Steven,Stack Overflow,2012-01-27 13:43:53Z,reviewed,Approve,Spring MVC form:select selected value?,2011-08-26 09:04:24Z,33706 times,2015-08-25 19:46:08Z
Steven,Stack Overflow,2011-12-29 21:22:52Z,reviewed,Approve,Issues running FSL command in Linux environment,2011-12-29 19:52:27Z,1716 times,2011-12-29 22:37:15Z
Steven,Stack Overflow,2011-09-02 12:24:53Z,reviewed,Approve,jQuery UI 1.6 and adding slider in Drupal,2011-09-02 10:44:42Z,1010 times,2011-12-04 16:23:33Z
Steven,Stack Overflow,2011-08-28 03:27:07Z,reviewed,Reject,nginx: How to keep double slashes in urls,2010-12-01 02:49:40Z,5100 times,2015-07-30 13:50:20Z
Steven,Stack Overflow,2011-08-11 17:49:25Z,reviewed,Approve,How to handle WPF Datagrid double click without using code behind,2009-09-10 05:11:23Z,4415 times,2011-09-27 23:57:01Z
Steven,Stack Overflow,2012-01-27 13:43:33Z,reviewed,Approve,how to implement onitem click listener in SimpleCursorAdapter,2012-01-27 11:53:51Z,1939 times,2012-01-27 13:43:33Z
Steven,Stack Overflow,2011-12-29 21:22:37Z,reviewed,Approve,Sourcing a shell script containing &ldquo;typeset -r VAR=value&rdquo;,2011-12-29 19:39:10Z,304 times,2011-12-30 16:35:29Z
Steven,Stack Overflow,2011-09-02 12:24:32Z,reviewed,Approve,ChildGridView column&#39;s Data On Binding,2011-09-02 10:31:39Z,169 times,2011-09-02 12:24:32Z
Steven,Stack Overflow,2011-08-11 17:52:07Z,reviewed,Approve,Why is drawPath not working?,2011-08-11 16:55:11Z,4727 times,2014-11-08 21:41:39Z
Steven,Stack Overflow,2011-08-11 17:49:11Z,reviewed,Approve,How can I make a ListBoxItem stretch Vertically,2009-09-09 19:40:39Z,2893 times,2011-08-11 17:53:21Z
Steven,Stack Overflow,2012-01-27 13:43:24Z,reviewed,Approve,access dynamic session variable in all views codeigniter,2012-01-27 11:48:11Z,1720 times,2012-01-27 13:43:24Z
Steven,Stack Overflow,2011-12-29 21:22:31Z,reviewed,Approve,Remote Notification Token handling,2011-12-29 20:21:49Z,4574 times,2013-05-01 16:00:22Z
Steven,Stack Overflow,2011-09-02 12:24:26Z,reviewed,Approve,ExceptionConverter: java.io.IOException: The document has no pages,2011-09-02 06:02:06Z,2330 times,
Steven,Stack Overflow,2011-08-11 17:51:46Z,reviewed,Approve,emma tag wiki excerpt,,,
Steven,Stack Overflow,2011-08-11 17:48:58Z,reviewed,Approve,What pattern should I use to process reports into an infrastructure to allow various representations?,2009-05-05 14:56:23Z,156 times,2011-08-11 17:48:58Z
Steven,Stack Overflow,2012-01-27 13:42:27Z,reviewed,Approve,VS2010: Ctrl-PgUp / -PgDown like in browsers,2012-01-27 09:28:01Z,358 times,2012-01-27 14:01:10Z
Steven,Stack Overflow,2011-12-29 21:22:25Z,reviewed,Approve,"C++ code compiles in CentOS g++, but not in Visual studio 2008",2011-12-29 14:41:50Z,607 times,2011-12-29 21:35:21Z
Steven,Stack Overflow,2011-09-02 12:24:13Z,reviewed,Approve,Ajax request not working in IE with jQuery,2011-07-10 10:01:02Z,1297 times,2014-07-09 11:42:32Z
Steven,Stack Overflow,2011-08-11 17:51:42Z,reviewed,Approve,emma tag wiki,,,
Steven,Stack Overflow,2011-08-11 17:48:49Z,reviewed,Approve,How can create a task that pops up the busy label and is cancelable while executing?,2009-05-01 16:00:53Z,664 times,2011-08-11 17:51:51Z
Steven,Stack Overflow,2012-01-27 13:42:21Z,reviewed,Approve,Can not open serial port using PHP,2011-06-15 14:53:58Z,3141 times,2012-07-18 19:02:13Z
Steven,Stack Overflow,2011-09-02 12:24:04Z,reviewed,Approve,Problem sending ajax request,2011-06-01 09:55:21Z,177 times,2011-09-02 12:24:04Z
Steven,Stack Overflow,2011-08-11 17:51:24Z,reviewed,Approve,Is there Microsoft SQL Mangement studio Edit procedure command,2011-08-11 16:24:27Z,119 times,2012-08-13 18:07:50Z
Steven,Stack Overflow,2011-08-08 09:15:22Z,reviewed,Approve,Cannot modify header information,2011-08-08 08:27:59Z,2040 times,2011-08-08 09:15:22Z
Steven,Stack Overflow,2011-12-29 21:22:04Z,reviewed,Approve,Load YouTube outside Application,2011-12-29 20:32:10Z,303 times,2011-12-29 23:11:46Z
Steven,Stack Overflow,2012-01-27 13:42:13Z,reviewed,Approve,UIPickerView select and hide,2011-03-18 02:51:11Z,20391 times,2012-10-02 11:05:04Z
Steven,Stack Overflow,2011-09-02 12:23:55Z,reviewed,Approve,Scripting in gdb,2011-04-08 05:41:16Z,4329 times,2011-09-02 12:26:45Z
Steven,Stack Overflow,2011-08-11 17:51:09Z,reviewed,Approve,joomla-jform tag wiki excerpt,,,
Steven,Stack Overflow,2011-08-08 09:15:04Z,reviewed,Approve,C# GDI - How to Create a bitmap copy of a polygon (set of point),2011-08-07 17:28:32Z,2169 times,2011-08-08 09:15:04Z
Steven,Stack Overflow,2011-10-16 20:22:25Z,reviewed,Approve,Using a Builder class to recreate child object set using DI?,2011-10-16 19:37:49Z,174 times,2011-10-16 20:24:14Z
Steven,Stack Overflow,2012-01-27 13:42:05Z,reviewed,Reject,How to make all arraylists of same size in android,2012-01-27 07:05:01Z,539 times,2012-01-27 13:32:54Z
Steven,Stack Overflow,2011-09-02 12:23:25Z,reviewed,Approve,How to parse nested JSON objects with JSON framework and Objective-C/iPhone/Xcode?,2009-03-28 05:09:07Z,23519 times,2012-07-27 12:46:09Z
Steven,Stack Overflow,2011-08-11 17:50:56Z,reviewed,Approve,multilingual tag wiki excerpt,,,
Steven,Stack Overflow,2011-08-08 09:14:41Z,reviewed,Approve,Finding next open port,2011-08-04 13:15:43Z,2374 times,2016-12-16 04:56:37Z
Steven,Stack Overflow,2011-09-02 12:26:00Z,reviewed,Approve,svn-externals tag wiki excerpt,,,
Steven,Stack Overflow,2012-01-27 13:41:28Z,reviewed,Approve,Why is this style not being added to my radio button?,2012-01-27 13:25:30Z,109 times,2012-01-27 13:44:32Z
Steven,Stack Overflow,2011-08-28 03:28:09Z,reviewed,Approve,Why is 08 not a valid integer literal in Java?,2011-08-28 02:56:24Z,20091 times,2017-03-03 13:09:04Z
Steven,Stack Overflow,2011-08-11 17:50:35Z,reviewed,Reject,android maps :  array index out of bound exception,2010-12-07 06:56:39Z,3797 times,2012-05-13 00:43:24Z
Steven,Stack Overflow,2011-08-01 13:16:49Z,reviewed,Approve,jspx tag wiki,,,
Steven,Stack Overflow,2011-09-02 12:25:46Z,reviewed,Reject,svn-externals tag wiki,,,
Steven,Stack Overflow,2012-01-27 13:41:19Z,reviewed,Approve,Easily read and write XML using C#,2010-04-19 10:47:54Z,437 times,2012-01-27 13:58:39Z
Steven,Stack Overflow,2011-08-28 03:27:56Z,reviewed,Approve,MYSQL DateTime - PHP Conversion,2011-08-28 02:42:25Z,439 times,2012-03-28 05:32:32Z
Steven,Stack Overflow,2011-08-11 17:49:45Z,reviewed,Approve,Resize font in TextBox in Grid,2009-09-13 08:54:38Z,2270 times,2011-08-11 17:49:45Z
Steven,Stack Overflow,2011-08-01 13:15:32Z,reviewed,Approve,Link SharePoint List to Access 2010 - USer Information Lookup,2011-08-01 10:08:58Z,1650 times,2011-11-22 22:16:14Z
Steven,Stack Overflow,2011-09-02 12:25:22Z,reviewed,Approve,How I will access a table from another Databse in cakephp,2011-09-02 11:00:04Z,125 times,2011-09-02 12:25:22Z
Steven,Stack Overflow,2011-07-18 14:36:59Z,reviewed,Approve,Get the size of a text in TextView,2011-07-18 14:15:29Z,28754 times,2016-10-25 12:08:36Z
Steven,Stack Overflow,2011-07-14 10:59:41Z,reviewed,Approve,Operators Precedence in C,2011-07-14 10:25:49Z,560 times,2012-06-08 12:45:04Z
Steven,Stack Overflow,2011-07-13 13:46:50Z,reviewed,Approve,Entity Framework Code First Linq MVC 3 Razor,2011-07-13 11:09:29Z,1018 times,2011-07-13 13:46:50Z
Steven,Stack Overflow,2011-07-02 17:02:09Z,reviewed,Approve,android handler making variable as final,2011-07-02 16:25:34Z,1214 times,2012-03-14 12:45:10Z
Steven,Stack Overflow,2011-06-23 21:00:48Z,reviewed,Approve,dotnetnuke tag wiki excerpt,,,
Steven,Stack Overflow,2011-07-18 14:36:38Z,reviewed,Approve,c# chat window application problem with timer,2011-07-18 12:53:36Z,434 times,2011-07-18 14:36:38Z
Steven,Stack Overflow,2011-07-14 09:19:40Z,reviewed,Approve,Is there in Jquery or Dojo or plain JavaScript way to convert div to image?,2011-07-06 13:54:22Z,835 times,2013-07-23 04:21:26Z
Steven,Stack Overflow,2011-07-13 13:46:27Z,reviewed,Approve,SQL Server Unable to Open Table or Rename,2011-07-13 10:45:28Z,1267 times,2011-07-13 14:12:17Z
Steven,Stack Overflow,2011-07-02 17:01:53Z,reviewed,Approve,Can I cache an empty form template as a second page in browser?,2011-07-02 12:18:43Z,37 times,2011-07-02 17:01:53Z
Steven,Stack Overflow,2011-06-23 21:00:10Z,reviewed,Approve,dotnetnuke tag wiki,,,
Steven,Stack Overflow,2011-07-18 14:36:32Z,reviewed,Approve,knowing the exact index clicked in a Flex tree event,2011-07-18 12:42:05Z,268 times,2011-07-18 15:02:13Z
Steven,Stack Overflow,2011-07-14 09:19:20Z,reviewed,Reject,Biggest advantage to using ASP.Net MVC vs web forms,2008-09-19 15:01:12Z,217678 times,2013-04-08 14:27:33Z
Steven,Stack Overflow,2011-07-13 13:46:18Z,reviewed,Approve,Problem With LINQ Model - Can&#39;t Assign NULL To Nullable Boolean!,2011-07-13 10:33:44Z,1476 times,2013-11-18 11:42:18Z
Steven,Stack Overflow,2011-07-02 12:29:37Z,reviewed,Approve,Explicit Conversion to IDisposable,2011-07-02 12:18:43Z,880 times,2011-07-02 21:01:16Z
Steven,Stack Overflow,2011-06-23 21:00:02Z,reviewed,Reject,Mercurial &lt;--&gt; git cheat sheet?,2010-08-06 13:53:28Z,9770 times,2016-09-13 05:15:56Z
Steven,Stack Overflow,2011-07-18 14:36:23Z,reviewed,Approve,optparse tag wiki excerpt,,,
Steven,Stack Overflow,2011-07-14 09:19:04Z,reviewed,Approve,Jasper Reports Excel output,,,
Steven,Stack Overflow,2011-07-13 13:46:01Z,reviewed,Approve,Variable from Javascript -&gt; Php -&gt; Smarty&hellip; is it possible?,2011-07-13 00:43:20Z,583 times,2011-07-13 14:21:10Z
Steven,Stack Overflow,2011-07-01 13:24:29Z,reviewed,Approve,m4a tag wiki,,,
Steven,Stack Overflow,2011-06-23 20:59:54Z,reviewed,Reject,how do i check all elements of an array are the same?,,,
Steven,Stack Overflow,2011-07-18 14:36:15Z,reviewed,Approve,LPT ports in C#,,,
Steven,Stack Overflow,2011-07-14 09:19:00Z,reviewed,Reject,python tracing a segmentation fault,,,
Steven,Stack Overflow,2011-07-12 12:43:13Z,reviewed,Approve,Can I restrict a ViewFlipper from flipping until an AsyncTask has been performed?,,,
Steven,Stack Overflow,2011-07-01 13:24:14Z,reviewed,Approve,opencover tag wiki,,,
Steven,Stack Overflow,2011-06-23 20:59:36Z,reviewed,Approve,DWORD to bytes using bitwise shift operators,,,
Steven,Stack Overflow,2011-07-18 14:36:10Z,reviewed,Approve,I want to add only one sheet after creating an Excel workbook through C#,,,
Steven,Stack Overflow,2011-07-14 09:18:31Z,reviewed,Reject,set dropdown value by text using jquery,,,
Steven,Stack Overflow,2011-07-12 07:21:28Z,reviewed,Approve,Spring.Net Before Advice not working,,,
Steven,Stack Overflow,2011-07-01 13:23:40Z,reviewed,Approve,How to create a custom Html.ValidationMessage?,,,
Steven,Stack Overflow,2011-06-23 20:59:27Z,reviewed,Reject,Sikuli List of Functions &amp; Operators,,,
Steven,Stack Overflow,2011-07-18 14:36:04Z,reviewed,Approve,I want to add only one sheet after creating an Excel workbook through C#,,,
Steven,Stack Overflow,2011-07-10 14:07:03Z,reviewed,Approve,c++ why doesn&#39;t a copy of an object allow access to a private variable of the original?,,,
Steven,Stack Overflow,2011-07-01 13:23:14Z,reviewed,Reject,legacy-code tag wiki,,,
Steven,Stack Overflow,2011-06-23 20:59:11Z,reviewed,Reject,Minimum &amp; Maximum Values in Crystal Reports 2008 Column,,,
Steven,Stack Overflow,2011-07-13 13:47:58Z,reviewed,Approve,How can we get Next Date From Entered Date based on given repeate period ?,,,
Steven,Stack Overflow,2011-07-18 14:34:59Z,reviewed,Approve,windows-phone-7 tag wiki,,,
Steven,Stack Overflow,2011-07-10 08:39:18Z,reviewed,Approve,Using array fields instead of massive number of objects,,,
Steven,Stack Overflow,2011-07-01 13:22:58Z,reviewed,Approve,render tag wiki,,,
Steven,Stack Overflow,2011-06-23 20:59:08Z,reviewed,Reject,Is there any way to prevent find from digging down recursively into subdirectories?,,,
Steven,Stack Overflow,2011-07-13 13:47:50Z,reviewed,Reject,fluent tag wiki excerpt,,,
Steven,Stack Overflow,2011-07-14 10:59:59Z,reviewed,Approve,An alternative to iis/asp.net/asp while still being able to code in C#,,,
Steven,Stack Overflow,2011-07-10 08:39:11Z,reviewed,Approve,Solving 16 equations simultaneously to solve 16 variables using the &#39;solve&#39; command in MATLAB,,,
Steven,Stack Overflow,2011-07-01 13:22:44Z,reviewed,Approve,Are unix timestamps the best way to store timestamps?,,,
Steven,Stack Overflow,2011-06-23 09:53:31Z,reviewed,Approve,How can i use bangla font as a string value in android,,,
Steven,Stack Overflow,2011-07-13 13:47:18Z,reviewed,Approve,debuggervisualizer tag wiki,,,
Steven,Stack Overflow,2011-07-14 10:59:47Z,reviewed,Approve,How can I make datagrid column as HyperLink which is from database in windows mobile application?,,,
Steven,Stack Overflow,2011-07-03 19:12:03Z,reviewed,Approve,Unit testing Winforms UI,,,
Steven,Stack Overflow,2011-06-23 21:01:15Z,reviewed,Approve,Best NoSQL approach to handle 100+ million records,,,
Steven,Stack Overflow,2011-06-23 09:53:15Z,reviewed,Approve,Logic on Domain Model,,,
Steven,Stack Overflow,2011-07-13 13:46:58Z,reviewed,Approve,How to open links in UIWebView in iphone,,,
Steven,Stack Overflow,2011-06-23 09:53:00Z,reviewed,Approve,binding data to textbox as default c#,,,
Steven,Stack Overflow,2011-06-07 10:01:17Z,reviewed,Approve,Lua string.match() problem,,,
Steven,Stack Overflow,2011-03-15 14:12:55Z,reviewed,Approve,MathML ApplyFunction Entity - where does it come from?,,,
Steven,Stack Overflow,2011-02-22 12:07:31Z,reviewed,Approve,How to rectify the error in asp.net,,,
Steven,Stack Overflow,2011-06-23 09:52:51Z,reviewed,Approve,Adding Unity dll reference to Silverlight 4 project,,,
Steven,Stack Overflow,2011-06-07 10:00:50Z,reviewed,Approve,How to display data inside a div in html taken from json through javascript using ul li,,,
Steven,Stack Overflow,2011-03-15 14:12:47Z,reviewed,Approve,Problem inserting text from newly added textbox in register.aspx page into sql server 2008,,,
Steven,Stack Overflow,2011-02-21 11:06:35Z,reviewed,Approve,Android EditText and addTextChangedListener,,,
Steven,Stack Overflow,2011-06-17 10:46:12Z,reviewed,Approve,A simple Linked List implementation in C++,,,
Steven,Stack Overflow,2011-06-07 10:00:43Z,reviewed,Approve,Invoking Wine From Apache,,,
Steven,Stack Overflow,2011-03-15 14:12:40Z,reviewed,Approve,Flex Spark List scroll to bottom when new data is added,,,
Steven,Stack Overflow,2011-02-18 15:36:28Z,reviewed,Approve,What kind of encoding is this?,,,
Steven,Stack Overflow,2011-06-17 10:45:58Z,reviewed,Approve,Checking if a variable is empty c#,,,
Steven,Stack Overflow,2011-06-07 10:00:35Z,reviewed,Approve,Why ARM NEON not faster than plain C++?,,,
Steven,Stack Overflow,2011-03-15 14:12:32Z,reviewed,Approve,sending .txt file to ftp,,,
Steven,Stack Overflow,2011-02-15 07:05:22Z,reviewed,Approve,UIInterfaceOrientation rotate along with the Hearder,,,
Steven,Stack Overflow,2011-06-10 15:26:32Z,reviewed,Approve,System.Drawing.Image to stream C#,,,
Steven,Stack Overflow,2011-06-07 10:00:28Z,reviewed,Approve,Replace http:// in anchor portion of links using Jquery,,,
Steven,Stack Overflow,2011-03-09 08:07:08Z,reviewed,Reject,how to display group of images as string in arraylist,,,
Steven,Stack Overflow,2011-02-15 07:04:58Z,reviewed,Approve,How to show dynamic character coming from server to textView in android,,,
Steven,Stack Overflow,2011-06-10 15:26:05Z,reviewed,Approve,extension-methods tag wiki excerpt,,,
Steven,Stack Overflow,2011-03-18 16:06:01Z,reviewed,Approve,Scrapy and proxies,,,
Steven,Stack Overflow,2011-03-02 11:07:31Z,reviewed,Approve,What is a cofunction and how would it work in Python?,,,
Steven,Stack Overflow,2011-02-15 07:04:27Z,reviewed,Approve,MVC MONODROID APPLICATION,,,
Steven,Stack Overflow,2011-06-10 15:25:47Z,reviewed,Reject,Does acegi use a different session from Spring?,,,
Steven,Stack Overflow,2011-03-15 14:13:50Z,reviewed,Reject,ada tag wiki,,,
Steven,Stack Overflow,2011-03-02 11:07:23Z,reviewed,Approve,Where the error &#39;Content is not allowed in prolog&#39; comes from?,,,
Steven,Stack Overflow,2011-06-10 15:25:30Z,reviewed,Reject,Pretty print code to PDF,,,
Steven,Stack Overflow,2011-03-02 11:07:12Z,reviewed,Approve,How to draw a line in android?,,,
Steven,Stack Overflow,2011-03-15 14:13:19Z,reviewed,Approve,Parse query string in JavaScript,,,
Steven,Stack Overflow,2011-06-07 10:01:30Z,reviewed,Approve,How to set a Collection&#39;s url,,,
Steven,Stack Overflow,2011-03-01 15:28:44Z,reviewed,Approve,multilevel java packages,,,
Steven,Stack Overflow,2011-03-15 14:13:08Z,reviewed,Approve,Start Flex paper,,,
Steven,Stack Overflow,2011-06-07 10:01:24Z,reviewed,Approve,How to create form popup from from system tray on windows application (not web) with c#,,,
Steven,Stack Overflow,2011-03-01 15:28:33Z,reviewed,Approve,Can the iPhone4 record from both front and rear-facing camera at the same time?,,,
Steven,Stack Overflow,2011-03-15 14:13:01Z,reviewed,Approve,Need a hand with a simple query,,,
